"Name","Team","POS","Salary","Years","Total.value","Avg.annual"
"Mike Trout","LAA","OF",34083333,6,144500000,24083333
"Clayton Kershaw","LAD","SP",3.4e+07,7,2.15e+08,30714285
"Zack Greinke","ARI","SP",31954483,6,206500000,34416666
"Miguel Cabrera","DET","1B",3e+07,10,2.92e+08,29200000
"David Price","BOS","SP",3e+07,7,2.17e+08,3.1e+07
"Jake Arrieta","PHI","SP",3e+07,3,7.5e+07,2.5e+07
"Yoenis Cespedes","NYM","OF",2.9e+07,4,1.1e+08,27500000
"Justin Verlander","HOU","SP",2.8e+07,7,1.8e+08,25714285
"Jon Lester","CHC","SP",27500000,6,1.55e+08,25833333
"Albert Pujols","LAA","1B",2.7e+07,10,2.4e+08,2.4e+07
"Felix Hernandez","SEA","SP",26857143,7,1.75e+08,2.5e+07
"Jason Heyward","CHC","OF",26055288,8,1.84e+08,2.3e+07
"Giancarlo Stanton","NYY","OF",2.5e+07,13,3.25e+08,2.5e+07
"Joey Votto","CIN","1B",2.5e+07,10,2.25e+08,22500000
"Yu Darvish","CHC","SP",2.5e+07,6,1.26e+08,2.1e+07
"Robinson Cano","SEA","2B",2.4e+07,10,2.4e+08,2.4e+07
"Jordan Zimmermann","DET","SP",2.4e+07,5,1.1e+08,2.2e+07
"J.D. Martinez","BOS","OF",23750000,5,1.1e+08,2.2e+07
"Joe Mauer","MIN","1B",2.3e+07,8,1.84e+08,2.3e+07
"Josh Donaldson","TOR","3B",2.3e+07,1,2.3e+07,2.3e+07
"Hanley Ramirez","BOS","1B",22750000,4,8.8e+07,2.2e+07
"Johnny Cueto","SF","SP",22666666,6,1.3e+08,21666666
"Cole Hamels","TEX","SP",22500000,6,1.44e+08,2.4e+07
"Adrian Gonzalez","NYM","1B",22357142,7,1.54e+08,2.2e+07
"Buster Posey","SF","C",22177778,9,1.67e+08,18555555
"Max Scherzer","WSH","SP",22142857,7,2.1e+08,3e+07
"Masahiro Tanaka","NYY","SP",2.2e+07,7,1.55e+08,22142857
"Ian Desmond","COL","1B",2.2e+07,5,7e+07,1.4e+07
"Yadier Molina","STL","C",2.2e+07,3,6.2e+07,20666666
"Jacoby Ellsbury","NYY","OF",21857142,7,1.53e+08,21857142
"Eric Hosmer","SD","1B",21625000,8,1.44e+08,1.8e+07
"Bryce Harper","WSH","OF",21625000,1,21625000,21625000
"Matt Kemp","LAD","OF",21500000,8,1.6e+08,2e+07
"Freddie Freeman","ATL","1B",21359375,8,1.35e+08,16875000
"James Shields","CWS","SP",21250000,4,7.5e+07,18750000
"Chris Davis","BAL","1B",21169326,7,1.61e+08,2.3e+07
"Rick Porcello","BOS","SP",21125000,4,82500000,20625000
"Homer Bailey","CIN","SP",2.1e+07,6,1.05e+08,17500000
"Alex Gordon","KC","OF",2.1e+07,4,7.2e+07,1.8e+07
"Troy Tulowitzki","TOR","SS",2e+07,10,157750000,15775000
"Shin-Soo Choo","TEX","OF",2e+07,7,1.3e+08,18571429
"Russell Martin","TOR","C",2e+07,5,8.2e+07,16400000
"Jeff Samardzija","SF","SP",19800000,5,9e+07,1.8e+07
"Pablo Sandoval","SF","3B",19600000,1,19600000,19600000
"Adam Wainwright","STL","SP",19500000,5,97500000,19500000
"David Wright","NYM","3B",19399744,8,1.38e+08,17250000
"Ryan Braun","MIL","OF",19088823,13,1.5e+08,11538461
"Kyle Seager","SEA","3B",1.9e+07,7,1e+08,14285714
"Hunter Pence","SF","OF",18700000,5,9e+07,1.8e+07
"Edwin Encarnacion","CLE","DH",18666667,3,6e+07,2e+07
"Carlos Santana","PHI","1B",18500000,3,6e+07,2e+07
"Mike Leake","SEA","SP",1.8e+07,5,8e+07,1.6e+07
"Victor Martinez","DET","DH",1.8e+07,4,6.8e+07,1.7e+07
"Adrian Beltre","TEX","3B",1.8e+07,2,3.6e+07,1.8e+07
"Nolan Arenado","COL","3B",17750000,2,29500000,14750000
"Justin Upton","LAA","OF",17700000,5,1.06e+08,21200000
"Daniel Murphy","WSH","2B",17500000,3,37500000,12500000
"Adam Jones","BAL","OF",17393152,6,85500000,14250000
"Aroldis Chapman","NYY","RP",17200000,5,8.6e+07,17200000
"Brandon Belt","SF","1B",17200000,5,72800000,14560000
"Brian McCann","HOU","C",1.7e+07,5,8.5e+07,1.7e+07
"Rich Hill","LAD","SP",16666667,3,4.8e+07,1.6e+07
"Dexter Fowler","STL","OF",16500000,5,82500000,16500000
"Ben Zobrist","CHC","2B",16500000,4,5.6e+07,1.4e+07
"Stephen Strasburg","WSH","SP",16428571,7,1.75e+08,2.5e+07
"Wade Davis","COL","RP",16333333,3,5.2e+07,17333333
"Ian Kennedy","KC","SP",1.6e+07,5,7e+07,1.4e+07
"Manny Machado","BAL","SS",1.6e+07,1,1.6e+07,1.6e+07
"Dustin Pedroia","BOS","2B",15521686,8,1.1e+08,13750000
"Elvis Andrus","TEX","SS",15333333,8,1.2e+08,1.5e+07
"Brandon Crawford","SF","SS",15200000,6,7.5e+07,12500000
"Mark Melancon","SF","RP",1.5e+07,4,6.2e+07,15500000
"Andrew McCutchen","SF","OF",14750000,1,14750000,14750000
"Evan Longoria","SF","3B",14500000,6,1e+08,16666666
"Ryan Zimmerman","WSH","1B",14333333,6,1e+08,16666666
"Nelson Cruz","SEA","DH",14250000,4,5.7e+07,14250000
"Matt Carpenter","STL","1B",14083333,6,5.2e+07,8666666
"Lorenzo Cain","MIL","OF",1.4e+07,5,8e+07,1.6e+07
"Danny Duffy","KC","SP",1.4e+07,5,6.5e+07,1.3e+07
"Alex Cobb","BAL","SP",1.4e+07,4,5.7e+07,14250000
"Charlie Blackmon","COL","OF",1.4e+07,1,1.4e+07,1.4e+07
"Craig Kimbrel","BOS","RP",13900000,1,13900000,13900000
"Jason Kipnis","CLE","2B",13666667,6,52500000,8750000
"Ervin Santana","MIN","SP",13500000,4,5.5e+07,13750000
"Martin Prado","MIA","3B",13500000,3,4e+07,13333333
"Phil Hughes","MIN","RP",13200000,5,5.8e+07,11600000
"Dallas Keuchel","HOU","SP",13200000,1,13200000,13200000
"Devin Mesoraco","CIN","C",13125000,4,2.8e+07,7e+06
"Chase Headley","SD","3B",1.3e+07,4,5.2e+07,1.3e+07
"Josh Reddick","HOU","OF",1.3e+07,4,5.2e+07,1.3e+07
"David Robertson","NYY","RP",1.3e+07,4,4.6e+07,11500000
"J.A. Happ","TOR","SP",1.3e+07,3,3.6e+07,1.2e+07
"Jose Abreu","CWS","1B",1.3e+07,1,1.3e+07,1.3e+07
"Marco Estrada","TOR","SP",1.3e+07,1,1.3e+07,1.3e+07
"Zack Cozart","LAA","3B",12666666,3,3.8e+07,12666666
"Tyler Chatwood","CHC","SP",12500000,3,3.8e+07,12666666
"Chris Sale","BOS","SP",12500000,1,12500000,12500000
"Denard Span","TB","OF",12333333,3,3.1e+07,10333333
"Anthony Rendon","WSH","3B",12300000,1,12300000,12300000
"Mark Trumbo","BAL","DH",12274428,3,36887268,12295756
"Justin Turner","LAD","3B",1.2e+07,4,6.4e+07,1.6e+07
"Brett Gardner","NYY","OF",1.2e+07,4,5.2e+07,1.3e+07
"Yulieski Gurriel","HOU","1B",1.2e+07,5,47500000,9500000
"George Springer","HOU","OF",1.2e+07,2,2.4e+07,1.2e+07
"Gio Gonzalez","WSH","SP",1.2e+07,1,1.2e+07,1.2e+07
"Lance Lynn","MIN","SP",1.2e+07,1,1.2e+07,1.2e+07
"Madison Bumgarner","SF","SP",1.2e+07,1,1.2e+07,1.2e+07
"Michael Brantley","CLE","OF",1.2e+07,1,1.2e+07,1.2e+07
"Zach Britton","BAL","RP",1.2e+07,1,1.2e+07,1.2e+07
"Carlos Martinez","STL","SP",11800000,5,5.1e+07,10200000
"Brandon McCarthy","ATL","SP",11500000,4,4.8e+07,1.2e+07
"Paul Goldschmidt","ARI","1B",11083333,5,3.2e+07,6400000
"Starlin Castro","MIA","2B",1.1e+07,7,6e+07,8571428
"Andrelton Simmons","LAA","SS",1.1e+07,7,5.8e+07,8285714
"Dee Gordon","SEA","OF",1.1e+07,5,5e+07,1e+07
"Nick Markakis","ATL","OF",1.1e+07,4,4.4e+07,1.1e+07
"Jay Bruce","NYM","OF",1.1e+07,3,3.9e+07,1.3e+07
"Kendrys Morales","TOR","DH",1.1e+07,3,3.3e+07,1.1e+07
"Ian Kinsler","LAA","2B",1.1e+07,1,1.1e+07,1.1e+07
"Kris Bryant","CHC","3B",10850000,1,10850000,10850000
"Kenley Jansen","LAD","RP",10800000,5,8e+07,1.6e+07
"Corey Kluber","CLE","SP",10700000,5,38500000,7700000
"Cody Allen","CLE","RP",10575000,1,10575000,10575000
"Francisco Cervelli","PIT","C",10500000,3,3.1e+07,10333333
"Josh Harrison","PIT","2B",10500000,4,27300000,6825000
"Brandon Morrow","CHC","RP",10500000,2,2.1e+07,10500000
"Khris Davis","OAK","OF",10500000,1,10500000,10500000
"Matt Wieters","WSH","C",10500000,1,10500000,10500000
"Mookie Betts","BOS","OF",10500000,1,10500000,10500000
"Wei-Yin Chen","MIA","SP",1e+07,5,8e+07,1.6e+07
"Gerardo Parra","COL","OF",1e+07,3,27500000,9166666
"Jason Hammel","KC","SP",1e+07,2,1.6e+07,8e+06
"CC Sabathia","NYY","SP",1e+07,1,1e+07,1e+07
"Jaime Garcia","TOR","SP",1e+07,1,1e+07,1e+07
"Jean Segura","SEA","SS",9800000,5,7e+07,1.4e+07
"Joakim Soria","CWS","RP",9333333,3,2.5e+07,8333333
"Matt Moore","TEX","SP",9250000,1,9250000,9250000
"AJ Ramos","NYM","RP",9225000,1,9225000,9225000
"Yasiel Puig","LAD","OF",9214285,7,4.2e+07,6e+06
"Ivan Nova","PIT","SP",9166667,3,2.6e+07,8666666
"Jedd Gyorko","STL","3B",9166666,6,35510900,5918483
"Jose Altuve","HOU","2B",9e+06,7,163500000,23357142
"Andrew Miller","CLE","RP",9e+06,4,3.6e+07,9e+06
"Brian Dozier","MIN","2B",9e+06,4,2e+07,5e+06
"Tommy Hunter","PHI","RP",9e+06,2,1.8e+07,9e+06
"Brad Ziegler","MIA","RP",9e+06,2,1.6e+07,8e+06
"Logan Forsythe","LAD","2B",9e+06,1,9e+06,9e+06
"Marcell Ozuna","STL","OF",9e+06,1,9e+06,9e+06
"Darren O'Day","BAL","RP",8854712,4,3.1e+07,7750000
"Jose Quintana","CHC","SP",8850000,5,2.1e+07,4200000
"Kole Calhoun","LAA","OF",8833333,3,2.6e+07,8666666
"Carlos Carrasco","CLE","SP",8750000,4,2.2e+07,5500000
"Jhoulys Chacin","MIL","SP",8750000,2,15500000,7750000
"Salvador Perez","KC","C",8700000,6,54500000,9083333
"Wilson Ramos","TB","C",8500000,2,12500000,6250000
"DJ LeMahieu","COL","2B",8500000,1,8500000,8500000
"Drew Pomeranz","BOS","SP",8500000,1,8500000,8500000
"Jonathan Schoop","BAL","2B",8500000,1,8500000,8500000
"Mike Minor","TEX","SP",8333333,3,2.8e+07,9333333
"Addison Reed","MIN","RP",8250000,2,16750000,8375000
"Luis Valbuena","LAA","1B",8250000,2,1.5e+07,7500000
"Asdrubal Cabrera","NYM","2B",8250000,1,8250000,8250000
"Didi Gregorius","NYY","SS",8250000,1,8250000,8250000
"Julio Teheran","ATL","SP",8166666,6,32400000,5400000
"Starling Marte","PIT","OF",8166666,6,3.1e+07,5166666
"Bryan Shaw","COL","RP",8166666,3,2.7e+07,9e+06
"Pat Neshek","PHI","RP",8125000,2,16250000,8125000
"Jason Castro","MIN","C",8e+06,3,24500000,8166666
"Todd Frazier","NYM","3B",8e+06,2,1.7e+07,8500000
"Kelvin Herrera","KC","RP",7937500,1,7937500,7937500
"Jeurys Familia","NYM","RP",7925000,1,7925000,7925000
"Yasmani Grandal","LAD","C",7900000,1,7900000,7900000
"Hyun-Jin Ryu","LAD","SP",7833333,6,3.6e+07,6e+06
"Brett Cecil","STL","RP",7750000,4,30500000,7625000
"Juan Nicasio","SEA","RP",7750000,2,1.7e+07,8500000
"A.J. Pollock","ARI","OF",7750000,1,7750000,7750000
"Ryan Madson","WSH","RP",7666667,3,2.2e+07,7333333
"Jake McGee","COL","RP",7666666,3,2.7e+07,9e+06
"Yonder Alonso","CLE","1B",7500000,2,1.6e+07,8e+06
"Miles Mikolas","STL","SP",7500000,2,15500000,7750000
"Welington Castillo","CWS","C",7500000,2,1.5e+07,7500000
"Patrick Corbin","ARI","SP",7500000,1,7500000,7500000
"Jacob deGrom","NYM","SP",7400000,1,7400000,7400000
"Mike Dunn","COL","RP",7333333,3,1.9e+07,6333333
"Garrett Richards","LAA","SP",7300000,1,7300000,7300000
"Anthony Rizzo","CHC","1B",7285714,7,4.1e+07,5857142
"Xander Bogaerts","BOS","SS",7050000,1,7050000,7050000
"Christian Yelich","MIL","OF",7e+06,7,49570000,7081428
"Jason Vargas","NYM","SP",7e+06,2,1.6e+07,8e+06
"Joe Smith","HOU","RP",7e+06,2,1.5e+07,7500000
"Charlie Morton","HOU","SP",7e+06,2,1.4e+07,7e+06
"Junichi Tazawa","MIA","RP",7e+06,2,12120000,6060000
"Adam Ottavino","COL","RP",7e+06,3,10400000,3466666
"Jerry Blevins","NYM","RP",7e+06,1,7e+06,7e+06
"Freddy Galvis","SD","SS",6825000,1,6825000,6825000
"Gerrit Cole","HOU","SP",6750000,1,6750000,6750000
"Jordy Mercer","PIT","SS",6750000,1,6750000,6750000
"Avisail Garcia","CWS","OF",6700000,1,6700000,6700000
"Evan Gattis","HOU","C",6700000,1,6700000,6700000
"Trevor Bauer","CLE","SP",6525000,1,6525000,6525000
"Juan Lagares","NYM","OF",6500000,5,23553696,4710739
"Mitch Moreland","BOS","1B",6500000,2,1.3e+07,6500000
"Steve Cishek","CHC","RP",6500000,2,1.3e+07,6500000
"Jonathan Lucroy","OAK","C",6500000,1,6500000,6500000
"Logan Morrison","MIN","1B",6500000,1,6500000,6500000
"Marcus Stroman","TOR","SP",6500000,1,6500000,6500000
"Mike Moustakas","KC","3B",6500000,1,6500000,6500000
"Sonny Gray","NYY","SP",6500000,1,6500000,6500000
"Tanner Roark","WSH","SP",6475000,1,6475000,6475000
"Chris Archer","TB","SP",6458333,6,25500000,4250000
"Andrew Cashner","BAL","SP",6346755,2,1.6e+07,8e+06
"Adam Eaton","WSH","OF",6300000,5,23500000,4700000
"Jake Odorizzi","MIN","SP",6300000,1,6300000,6300000
"Jose Iglesias","DET","SS",6275000,1,6275000,6275000
"Steve Pearce","TOR","1B",6250000,2,12500000,6250000
"Jackie Bradley Jr.","BOS","OF",6100000,1,6100000,6100000
"Kevin Kiermaier","TB","OF",6083333,6,5.4e+07,9e+06
"Nicholas Castellanos","DET","OF",6050000,1,6050000,6050000
"Yan Gomes","CLE","C",6033333,6,2.3e+07,3833333
"Tony Sipp","HOU","RP",6e+06,3,1.8e+07,6e+06
"Santiago Casilla","OAK","RP",6e+06,2,1.1e+07,5500000
"Alex Wood","LAD","SP",6e+06,1,6e+06,6e+06
"Eduardo Nunez","BOS","2B",6e+06,1,6e+06,6e+06
"Jed Lowrie","OAK","2B",6e+06,1,6e+06,6e+06
"Martin Perez","TEX","SP",6e+06,1,6e+06,6e+06
"Matt Joyce","OAK","OF",6e+06,1,6e+06,6e+06
"Mike Fiers","DET","SP",6e+06,1,6e+06,6e+06
"Corey Dickerson","PIT","OF",5950000,1,5950000,5950000
"Adeiny Hechavarria","TB","SS",5900000,1,5900000,5900000
"Pedro Strop","CHC","RP",5850000,2,11850000,5925000
"Sean Rodriguez","PIT","1B",5750000,2,11500000,5750000
"Scooter Gennett","CIN","2B",5700000,1,5700000,5700000
"Matt Harvey","NYM","SP",5625000,1,5625000,5625000
"Kevin Gausman","BAL","SP",5600000,1,5600000,5600000
"Lonnie Chisenhall","CLE","OF",5587500,1,5587500,5587500
"David Phelps","SEA","RP",5550000,1,5550000,5550000
"Shawn Kelley","WSH","RP",5500000,3,1.5e+07,5e+06
"Anthony Swarzak","NYM","RP",5500000,2,1.4e+07,7e+06
"Luke Gregerson","STL","RP",5500000,2,1.1e+07,5500000
"Marc Rzepczynski","SEA","RP",5500000,2,1.1e+07,5500000
"Eric Thames","MIL","1B",5333333,3,1.6e+07,5333333
"Alex Colome","TB","RP",5300000,1,5300000,5300000
"Michael Wacha","STL","SP",5300000,1,5300000,5300000
"Roberto Osuna","TOR","RP",5300000,1,5300000,5300000
"Raisel Iglesias","CIN","RP",5214285,7,2.7e+07,3857142
"Brad Brach","BAL","RP",5165000,1,5165000,5165000
"Marwin Gonzalez","HOU","1B",5125000,1,5125000,5125000
"Cesar Hernandez","PHI","2B",5100000,1,5100000,5100000
"Dellin Betances","NYY","RP",5100000,1,5100000,5100000
"Chase Anderson","MIL","SP",5e+06,2,11750000,5875000
"Jim Johnson","LAA","RP",5e+06,2,1e+07,5e+06
"Brandon Kintzler","WSH","RP",5e+06,1,5e+06,5e+06
"Carlos Gonzalez","COL","OF",5e+06,1,5e+06,5e+06
"Collin McHugh","HOU","RP",5e+06,1,5e+06,5e+06
"Curtis Granderson","TOR","OF",5e+06,1,5e+06,5e+06
"Danny Salazar","CLE","SP",5e+06,1,5e+06,5e+06
"James Paxton","SEA","SP",4900000,1,4900000,4900000
"Shelby Miller","ARI","SP",4900000,1,4900000,4900000
"Eduardo Escobar","MIN","SS",4850000,1,4850000,4850000
"Taijuan Walker","ARI","SP",4825000,1,4825000,4825000
"Miguel Gonzalez","CWS","SP",4750000,1,4750000,4750000
"Gregory Polanco","PIT","OF",4700000,5,3.5e+07,7e+06
"Ender Inciarte","ATL","OF",4700000,5,30525000,6105000
"Wil Myers","SD","OF",4666666,6,8.3e+07,13833333
"Jorge Soler","KC","OF",4666666,9,3e+07,3333333
"Billy Hamilton","CIN","OF",4600000,1,4600000,4600000
"Ken Giles","HOU","RP",4600000,1,4600000,4600000
"David Freese","PIT","3B",4500000,2,1.1e+07,5500000
"Brad Miller","TB","2B",4500000,1,4500000,4500000
"Fernando Rodney","MIN","RP",4500000,1,4500000,4500000
"Sean Doolittle","WSH","RP",4450000,5,10500000,2100000
"Tucker Barnhart","CIN","C",4437500,4,1.6e+07,4e+06
"Sam Dyson","SF","RP",4425000,1,4425000,4425000
"Brad Hand","SD","RP",4416666,3,19750000,6583333
"Jake Lamb","ARI","3B",4275000,1,4275000,4275000
"Justin Smoak","TOR","1B",4250000,2,8500000,4250000
"Justin Wilson","CHC","RP",4250000,1,4250000,4250000
"Kolten Wong","STL","2B",4200000,5,25500000,5100000
"Erasmo Ramirez","SEA","SP",4200000,1,4200000,4200000
"Kyle Gibson","MIN","SP",4200000,1,4200000,4200000
"Kyle Hendricks","CHC","SP",4175000,1,4175000,4175000
"Yangervis Solarte","TOR","3B",4125000,2,7500000,3750000
"Matt Shoemaker","LAA","SP",4125000,1,4125000,4125000
"Yusmeiro Petit","OAK","RP",4e+06,2,1e+07,5e+06
"Hector Rondon","HOU","RP",4e+06,2,8500000,4250000
"Alex Avila","ARI","C",4e+06,2,8250000,4125000
"Carlos Gomez","TB","OF",4e+06,1,4e+06,4e+06
"Doug Fister","TEX","SP",4e+06,1,4e+06,4e+06
"Francisco Liriano","DET","SP",4e+06,1,4e+06,4e+06
"Matt Adams","WSH","1B",4e+06,1,4e+06,4e+06
"Neil Walker","NYY","2B",4e+06,1,4e+06,4e+06
"Tyler Flowers","ATL","C",4e+06,1,4e+06,4e+06
"Chris Iannetta","COL","C",3975000,2,8500000,4250000
"Nate Jones","CWS","RP",3950000,3,8e+06,2666666
"Robbie Ray","ARI","SP",3950000,1,3950000,3950000
"Martin Maldonado","LAA","C",3900000,1,3900000,3900000
"Joe Kelly","BOS","RP",3825000,1,3825000,3825000
"Jarrod Dyson","ARI","OF",3750000,2,7500000,3750000
"Jimmy Nelson","MIL","SP",3700000,1,3700000,3700000
"Corey Knebel","MIL","RP",3650000,1,3650000,3650000
"Odubel Herrera","PHI","OF",3550000,5,30500000,6100000
"Steven Souza Jr.","ARI","OF",3550000,1,3550000,3550000
"Brian Duensing","CHC","RP",3500000,2,7e+06,3500000
"Kurt Suzuki","ATL","C",3500000,1,3500000,3500000
"Lucas Duda","KC","1B",3500000,1,3500000,3500000
"Travis d'Arnaud","NYM","C",3475000,1,3475000,3475000
"Joe Panik","SF","2B",3450000,1,3450000,3450000
"Arodys Vizcaino","ATL","RP",3400000,1,3400000,3400000
"Chris Owings","ARI","SS",3400000,1,3400000,3400000
"Justin Bour","MIA","1B",3400000,1,3400000,3400000
"Wilmer Flores","NYM","1B",3400000,1,3400000,3400000
"Dan Straily","MIA","SP",3375000,1,3375000,3375000
"Tim Beckham","BAL","3B",3350000,1,3350000,3350000
"Rougned Odor","TEX","2B",3333333,6,49500000,8250000
"Adam Warren","NYY","RP",3315000,1,3315000,3315000
"David Peralta","ARI","OF",3300000,1,3300000,3300000
"Felipe Rivero","PIT","RP",3250000,4,2.2e+07,5500000
"Tony Watson","SF","RP",3250000,2,7e+06,3500000
"Cameron Maybin","MIA","OF",3250000,1,3250000,3250000
"Kevin Pillar","TOR","OF",3250000,1,3250000,3250000
"Addison Russell","CHC","SS",3200000,1,3200000,3200000
"Kenta Maeda","LAD","SP",3125000,8,2.5e+07,3125000
"Marcus Semien","OAK","SS",3125000,1,3125000,3125000
"Stephen Vogt","MIL","C",3065000,1,3065000,3065000
"Jung-ho Kang","PIT","3B",3062500,4,1.1e+07,2750000
"Drew Smyly","CHC","SP",3e+06,2,1e+07,5e+06
"Howie Kendrick","WSH","OF",3e+06,2,7e+06,3500000
"Austin Jackson","SF","OF",3e+06,2,6e+06,3e+06
"Clayton Richard","SD","SP",3e+06,2,6e+06,3e+06
"Bud Norris","STL","RP",3e+06,1,3e+06,3e+06
"Chris Tillman","BAL","SP",3e+06,1,3e+06,3e+06
"Colby Rasmus","BAL","OF",3e+06,1,3e+06,3e+06
"Drew Hutchison","PHI","RP",3e+06,1,3e+06,3e+06
"Jon Jay","KC","OF",3e+06,1,3e+06,3e+06
"Josh Tomlin","CLE","SP",3e+06,1,3e+06,3e+06
"Mike Zunino","SEA","C",2975000,1,2975000,2975000
"Noah Syndergaard","NYM","SP",2975000,1,2975000,2975000
"Brandon Maurer","KC","RP",2950000,1,2950000,2950000
"Maikel Franco","PHI","3B",2950000,1,2950000,2950000
"Eugenio Suarez","CIN","3B",2916666,7,6.6e+07,9428571
"Derek Dietrich","MIA","OF",2900000,1,2900000,2900000
"J.T. Realmuto","MIA","C",2900000,1,2900000,2900000
"Shohei Ohtani","LAA","SP",2860000,1,2860000,2860000
"Jose Ramirez","CLE","3B",2828600,5,2.6e+07,5200000
"Aaron Hicks","NYY","CF",2825000,1,2825000,2825000
"Will Harris","HOU","RP",2800000,2,5e+06,2500000
"Rene Rivera","LAA","C",2800000,1,2800000,2800000
"Yoshihisa Hirano","ARI","RP",2750000,2,6e+06,3e+06
"Brandon Guyer","CLE","OF",2750000,2,5e+06,2500000
"Nick Vincent","SEA","RP",2750000,1,2750000,2750000
"George Kontos","PIT","RP",2725000,1,2725000,2725000
"Jake Diekman","TEX","RP",2712500,1,2712500,2712500
"Aaron Sanchez","TOR","SP",2700000,1,2700000,2700000
"Joc Pederson","LAD","OF",2600000,1,2600000,2600000
"Randal Grichuk","TOR","OF",2600000,1,2600000,2600000
"Jonathan Villar","MIL","2B",2550000,1,2550000,2550000
"Michael A. Taylor","WSH","OF",2525000,1,2525000,2525000
"David Hernandez","CIN","RP",2500000,2,5e+06,2500000
"Matt Albers","MIL","RP",2500000,2,5e+06,2500000
"Alcides Escobar","KC","SS",2500000,1,2500000,2500000
"Boone Logan","MIL","RP",2500000,1,2500000,2500000
"Nick Hundley","SF","C",2500000,1,2500000,2500000
"Sergio Romo","TB","RP",2500000,1,2500000,2500000
"Will Smith","SF","RP",2500000,1,2500000,2500000
"Lance McCullers Jr.","HOU","SP",2450000,1,2450000,2450000
"Luis Avilan","CWS","RP",2450000,1,2450000,2450000
"Zach McAllister","CLE","RP",2450000,1,2450000,2450000
"Brad Peacock","HOU","RP",2440000,1,2440000,2440000
"Eric Sogard","MIL","2B",2400000,1,2400000,2400000
"Eduardo Rodriguez","BOS","SP",2375000,1,2375000,2375000
"James McCann","DET","C",2375000,1,2375000,2375000
"Kendall Graveman","OAK","SP",2360000,1,2360000,2360000
"Yolmer Sanchez","CWS","3B",2350000,1,2350000,2350000
"Drew Butera","KC","C",2300000,2,3800000,1900000
"C.J. Cron","TB","1B",2300000,1,2300000,2300000
"Carlos Rodon","CWS","SP",2300000,1,2300000,2300000
"Tony Cingrani","LAD","RP",2300000,1,2300000,2300000
"Craig Stammen","SD","RP",2250000,2,4500000,2250000
"Robinson Chirinos","TEX","C",2250000,2,4200000,2100000
"Jorge De La Rosa","ARI","RP",2250000,1,2250000,2250000
"Randall Delgado","ARI","RP",2250000,1,2250000,2250000
"Brock Holt","BOS","2B",2225000,1,2225000,2225000
"Josh Fields","LAD","RP",2200000,1,2200000,2200000
"Mike Foltynewicz","ATL","SP",2200000,1,2200000,2200000
"Dominic Leone","STL","RP",2170000,1,2170000,2170000
"Blake Treinen","OAK","RP",2150000,1,2150000,2150000
"Chris Hatcher","OAK","RP",2150000,1,2150000,2150000
"Zach Duke","MIN","RP",2150000,1,2150000,2150000
"Jared Hughes","CIN","RP",2125000,2,4500000,2250000
"Tyler Thornburg","BOS","RP",2050000,1,2050000,2050000
"Michael Pineda","MIN","SP",2e+06,2,1e+07,5e+06
"Jeff Mathis","ARI","C",2e+06,2,4e+06,2e+06
"Aledmys Diaz","TOR","SS",2e+06,1,2e+06,2e+06
"Chad Bettis","COL","SP",2e+06,1,2e+06,2e+06
"Chris Young","LAA","OF",2e+06,1,2e+06,2e+06
"Daniel Descalso","ARI","1B",2e+06,1,2e+06,2e+06
"Hector Santiago","CWS","RP",2e+06,1,2e+06,2e+06
"Jacob Turner","MIA","RP",2e+06,1,2e+06,2e+06
"Jose Reyes","NYM","SS",2e+06,1,2e+06,2e+06
"Nathan Eovaldi","TB","SP",2e+06,1,2e+06,2e+06
"Robbie Grossman","MIN","OF",2e+06,1,2e+06,2e+06
"Seung Hwan Oh","TOR","RP",2e+06,1,2e+06,2e+06
"Tom Koehler","LAD","RP",2e+06,1,2e+06,2e+06
"Hernan Perez","MIL","2B",1975000,1,1975000,1975000
"Sandy Leon","BOS","C",1950000,1,1950000,1950000
"Shane Greene","DET","RP",1950000,1,1950000,1950000
"Alex Wilson","DET","RP",1925000,1,1925000,1925000
"Kazuhisa Makita","SD","RP",1900000,2,3800000,1900000
"Jake Marisnick","HOU","OF",1900000,1,1900000,1900000
"JC Ramirez","LAA","SP",1900000,1,1900000,1900000
"Liam Hendriks","OAK","RP",1900000,1,1900000,1900000
"Tyler Skaggs","LAA","SP",1875000,1,1875000,1875000
"Brad Boxberger","ARI","RP",1850000,1,1850000,1850000
"Aaron Loup","TOR","RP",1812500,1,1812500,1812500
"Blake Parker","LAA","RP",1800000,1,1800000,1800000
"Chris Martin","TEX","RP",1750000,2,4e+06,2e+06
"Jeremy Jeffress","MIL","RP",1750000,1,1750000,1750000
"Leonys Martin","DET","OF",1750000,1,1750000,1750000
"Rajai Davis","CLE","OF",1750000,1,1750000,1750000
"Tony Barnette","TEX","RP",1750000,1,1750000,1750000
"Cory Spangenberg","SD","2B",1700000,1,1700000,1700000
"Cory Gearrin","SF","RP",1675000,1,1675000,1675000
"Dylan Bundy","BAL","SP",1640000,1,1640000,1640000
"Roberto Perez","CLE","C",1625000,4,9e+06,2250000
"Ketel Marte","ARI","SS",1600000,5,2.4e+07,4800000
"Enrique Hernandez","LAD","OF",1600000,1,1600000,1600000
"Ryan Pressly","MIN","RP",1600000,1,1600000,1600000
"Hunter Strickland","SF","RP",1550000,1,1550000,1550000
"Stephen Piscotty","OAK","OF",1500000,6,33500000,5583333
"Paul DeJong","STL","SS",1500000,6,2.6e+07,4333333
"Cliff Pennington","CIN","2B",1500000,1,1500000,1500000
"Derek Holland","SF","SP",1500000,1,1500000,1500000
"Fernando Salas","ARI","RP",1500000,1,1500000,1500000
"John Axford","TOR","RP",1500000,1,1500000,1500000
"Matt Belisle","CLE","RP",1500000,1,1500000,1500000
"Pedro Baez","LAD","RP",1500000,1,1500000,1500000
"Tyler Clippard","TOR","RP",1500000,1,1500000,1500000
"Blake Wood","LAA","RP",1450000,1,1450000,1450000
"Christian Vazquez","BOS","C",1450000,1,1450000,1450000
"Devon Travis","TOR","2B",1450000,1,1450000,1450000
"Nate Karns","KC","SP",1375000,1,1375000,1375000
"Michael Lorenzen","CIN","RP",1312500,1,1312500,1312500
"Tommy Kahnle","NYY","RP",1312500,1,1312500,1312500
"Miguel Montero","WSH","C",1300000,1,1300000,1300000
"Chris Rusin","COL","RP",1287500,1,1287500,1287500
"Nick Ahmed","ARI","SS",1275000,1,1275000,1275000
"A.J. Ellis","SD","C",1250000,1,1250000,1250000
"Caleb Joseph","BAL","C",1250000,1,1250000,1250000
"Justin Grimm","KC","RP",1250000,1,1250000,1250000
"Kevin Jepsen","TEX","RP",1250000,1,1250000,1250000
"Phil Gosselin","CIN","2B",1250000,1,1250000,1250000
"Danny Valencia","BAL","1B",1200000,1,1200000,1200000
"Keone Kela","TEX","RP",1200000,1,1200000,1200000
"Luis Garcia","PHI","RP",1200000,1,1200000,1200000
"Tyler Lyons","STL","RP",1200000,1,1200000,1200000
"Andrew Chafin","ARI","RP",1195000,1,1195000,1195000
"Miguel Rojas","MIA","SS",1180000,1,1180000,1180000
"Leury Garcia","CWS","OF",1175000,1,1175000,1175000
"Scott Kingery","PHI","2B",1166666,6,2.4e+07,4e+06
"Dan Otero","CLE","RP",1150000,2,2500000,1250000
"Kyle Barraclough","MIA","RP",1113000,1,1113000,1113000
"Austin Romine","NYY","C",1100000,1,1100000,1100000
"Cam Bedrosian","LAA","RP",1100000,1,1100000,1100000
"Rex Brothers","ATL","RP",1100000,1,1100000,1100000
"Steven Wright","BOS","SP",1100000,1,1100000,1100000
"Braxton Lee","MIA","OF",1090000,1,1090000,1090000
"Brett Graves","MIA","RP",1090000,1,1090000,1090000
"Caleb Smith","MIA","SP",1090000,1,1090000,1090000
"Chris O'Grady","MIA","SP",1090000,1,1090000,1090000
"Dillon Peters","MIA","SP",1090000,1,1090000,1090000
"Drew Steckenrider","MIA","RP",1090000,1,1090000,1090000
"Elieser Hernandez","MIA","SP",1090000,1,1090000,1090000
"Odrisamer Despaigne","MIA","SP",1090000,1,1090000,1090000
"Sam Freeman","ATL","RP",1075000,1,1075000,1075000
"Kirby Yates","SD","RP",1062500,1,1062500,1062500
"Andrew Romine","SEA","SS",1050000,1,1050000,1050000
"Danny Farquhar","CWS","RP",1050000,1,1050000,1050000
"Jose Alvarez","LAA","RP",1050000,1,1050000,1050000
"Jurickson Profar","TEX","2B",1050000,1,1050000,1050000
"Tim Anderson","CWS","SS",1e+06,6,2.5e+07,4166666
"Chase Utley","LAD","2B",1e+06,2,2e+06,1e+06
"Blaine Boyer","KC","RP",1e+06,1,1e+06,1e+06
"Bryan Holaday","MIA","C",1e+06,1,1e+06,1e+06
"Carlos Correa","HOU","SS",1e+06,1,1e+06,1e+06
"Ehire Adrianza","MIN","SS",1e+06,1,1e+06,1e+06
"Gregor Blanco","SF","OF",1e+06,1,1e+06,1e+06
"Jesse Chavez","TEX","RP",1e+06,1,1e+06,1e+06
"Joaquin Benoit","WSH","RP",1e+06,1,1e+06,1e+06
"Jordan Lyles","SD","RP",1e+06,1,1e+06,1e+06
"Pedro Alvarez","BAL","1B",1e+06,1,1e+06,1e+06
"Peter Bourjos","ATL","OF",1e+06,1,1e+06,1e+06
"Ryan Goins","KC","SS",1e+06,1,1e+06,1e+06
"Tim Lincecum","TEX","RP",1e+06,1,1e+06,1e+06
"Matt Szczur","SD","OF",950000,1,950000,950000
"Tommy La Stella","CHC","2B",950000,1,950000,950000
"Matt Duffy","TB","3B",930000,1,930000,930000
"Jesus Sucre","TB","C",925000,1,925000,925000
"Josh Phegley","OAK","C",905000,1,905000,905000
"Craig Gentry","BAL","OF",9e+05,1,9e+05,9e+05
"Ryan Rua","TEX","OF",870000,1,870000,870000
"Anthony DeSclafani","CIN","SP",860000,1,860000,860000
"Carson Smith","BOS","RP",850000,1,850000,850000
"Ji-Man Choi","MIL","1B",850000,1,850000,850000
"T.J. McFarland","ARI","RP",850000,1,850000,850000
"Jacob Lindgren","ATL","RP",820000,1,820000,820000
"Chasen Shreve","NYY","RP",805000,1,805000,805000
"Andrew Heaney","LAA","SP",8e+05,1,8e+05,8e+05
"Chase Whitley","ATL","RP",8e+05,1,8e+05,8e+05
"Guillermo Heredia","SEA","OF",782000,1,782000,782000
"Jake Smolinski","OAK","OF",775000,1,775000,775000
"Ichiro Suzuki","SEA","OF",750000,1,750000,750000
"Ryan Flaherty","ATL","2B",750000,1,750000,750000
"Chaz Roe","TB","RP",720000,1,720000,720000
"Kevin Quackenbush","CIN","RP",690000,1,690000,690000
"Javier Baez","CHC","2B",657000,1,657000,657000
"Francisco Pena","STL","C",650000,1,650000,650000
"Niko Goodrum","DET","3B",650000,1,650000,650000
"Robbie Erlin","SD","SP",650000,1,650000,650000
"Trevor May","MIN","RP",650000,1,650000,650000
"Wade LeBlanc","SEA","RP",650000,1,650000,650000
"Adam Duvall","CIN","OF",645000,1,645000,645000
"Yimi Garcia","LAD","RP",630000,1,630000,630000
"Francisco Lindor","CLE","SS",623200,1,623200,623200
"Aaron Judge","NYY","OF",622300,1,622300,622300
"Brandon Drury","NYY","3B",621900,1,621900,621900
"Andrew Benintendi","BOS","OF",620500,1,620500,620500
"Gary Sanchez","NYY","C",620400,1,620400,620400
"Ronald Torreyes","NYY","SS",615500,1,615500,615500
"Mike Montgomery","CHC","RP",611250,1,611250,611250
"Dan Winkler","ATL","RP",610000,1,610000,610000
"Zac Rosscup","COL","RP",610000,1,610000,610000
"Michael Conforto","NYM","OF",605094,1,605094,605094
"Corey Seager","LAD","SS",605000,1,605000,605000
"Matt Barnes","BOS","RP",605000,1,605000,605000
"Luis Severino","NYY","SP",604975,1,604975,604975
"Kyle Schwarber","CHC","OF",604500,1,604500,604500
"Willson Contreras","CHC","C",604500,1,604500,604500
"Eddie Rosario","MIN","OF",602500,1,602500,602500
"Miguel Sano","MIN","3B",602500,1,602500,602500
"Juan Centeno","TEX","C",6e+05,1,6e+05,6e+05
"Pedro Florimon","PHI","OF",6e+05,1,6e+05,6e+05
"Chris Devenski","HOU","RP",599200,1,599200,599200
"Alex Bregman","HOU","3B",599000,1,599000,599000
"Carl Edwards Jr.","CHC","RP",594000,1,594000,594000
"Max Kepler","MIN","OF",587500,1,587500,587500
"Cody Bellinger","LAD","1B",585000,1,585000,585000
"Ryan LaMarre","MIN","OF",585000,1,585000,585000
"Albert Almora Jr.","CHC","OF",584500,1,584500,584500
"Hector Neris","PHI","RP",582500,1,582500,582500
"Greg Bird","NYY","1B",582000,1,582000,582000
"Archie Bradley","ARI","RP",581900,1,581900,581900
"Heath Hembree","BOS","RP",581500,1,581500,581500
"Jordan Montgomery","NYY","SP",580450,1,580450,580450
"Byron Buxton","MIN","OF",580000,1,580000,580000
"Raffy Lopez","SD","C",580000,1,580000,580000
"Scott Schebler","CIN","OF",580000,1,580000,580000
"Zack Godley","ARI","SP",579200,1,579200,579200
"Brandon Finnegan","CIN","SP",577500,1,577500,577500
"Trea Turner","WSH","SS",577200,1,577200,577200
"Steven Matz","NYM","SP",577000,1,577000,577000
"Michael Feliz","PIT","RP",575500,1,575500,575500
"Michael Fulmer","DET","SP",575200,1,575200,575200
"Charlie Culberson","ATL","SS",575000,1,575000,575000
"Chris Stewart","ATL","C",575000,1,575000,575000
"Chris Taylor","LAD","OF",575000,1,575000,575000
"Jorge Polanco","MIN","SS",575000,1,575000,575000
"Jose Urena","MIA","SP",575000,1,575000,575000
"Lane Adams","ATL","OF",575000,1,575000,575000
"Peter Moylan","ATL","RP",575000,1,575000,575000
"Ryan Tepera","TOR","RP",574700,1,574700,574700
"Jesse Hahn","KC","SP",574000,1,574000,574000
"Brian Flynn","KC","RP",573500,1,573500,573500
"Cheslor Cuthbert","KC","3B",573500,1,573500,573500
"Aaron Nola","PHI","SP",573000,1,573000,573000
"Josh Bell","PIT","1B",572500,1,572500,572500
"Domingo Santana","MIL","OF",572400,1,572400,572400
"Zach Davies","MIL","SP",572000,1,572000,572000
"Adam Frazier","PIT","OF",571000,1,571000,571000
"Jameson Taillon","PIT","SP",571000,1,571000,571000
"Joe Musgrove","PIT","SP",571000,1,571000,571000
"Chad Green","NYY","RP",570800,1,570800,570800
"Edwin Diaz","SEA","RP",570800,1,570800,570800
"Eddie Butler","CHC","RP",570750,1,570750,570750
"Chad Kuhl","PIT","SP",570500,1,570500,570500
"Josh Smoker","PIT","RP",570500,1,570500,570500
"Tommy Pham","STL","OF",570100,1,570100,570100
"Ian Happ","CHC","OF",570000,1,570000,570000
"Jose Berrios","MIN","SP",570000,1,570000,570000
"Jose Peraza","CIN","SS",570000,1,570000,570000
"Matt Davidson","CWS","DH",570000,1,570000,570000
"Greg Garcia","STL","3B",569600,1,569600,569600
"Trevor Williams","PIT","SP",569500,1,569500,569500
"Whit Merrifield","KC","2B",569500,1,569500,569500
"Paulo Orlando","KC","OF",568500,1,568500,568500
"Alex Claudio","TEX","RP",568450,1,568450,568450
"Jerad Eickhoff","PHI","SP",568000,1,568000,568000
"Joe Ross","WSH","SP",567900,1,567900,567900
"James Hoyt","HOU","RP",567700,1,567700,567700
"Travis Shaw","MIL","3B",567400,1,567400,567400
"A.J. Schugel","PIT","RP",567000,1,567000,567000
"Luis Perdomo","SD","SP",566800,1,566800,566800
"Mychal Givens","BAL","RP",566500,1,566500,566500
"Matt Bowman","STL","RP",565900,1,565900,565900
"Dansby Swanson","ATL","SS",565000,1,565000,565000
"Enny Romero","WSH","RP",565000,1,565000,565000
"Jose Ramirez","ATL","RP",565000,1,565000,565000
"Preston Tucker","ATL","OF",565000,1,565000,565000
"Taylor Rogers","MIN","RP",565000,1,565000,565000
"Ty Blach","SF","SP",565000,1,565000,565000
"Tyler Saladino","CWS","3B",565000,1,565000,565000
"Tyler Naquin","CLE","OF",564800,1,564800,564800
"Rafael Devers","BOS","3B",564500,1,564500,564500
"Seth Lugo","NYM","SP",564000,1,564000,564000
"Nomar Mazara","TEX","OF",563560,1,563560,563560
"Blake Swihart","BOS","C",563500,1,563500,563500
"Robert Gsellman","NYM","RP",562375,1,562375,562375
"Matthew Boyd","DET","SP",562000,1,562000,562000
"Jorge Bonifacio","KC","OF",561900,1,561900,561900
"Danny Barnes","TOR","RP",561600,1,561600,561600
"Delino DeShields","TEX","OF",561500,1,561500,561500
"Deven Marrero","ARI","SS",561500,1,561500,561500
"Gorkys Hernandez","SF","OF",561500,1,561500,561500
"Nick Goody","CLE","RP",561500,1,561500,561500
"Daniel Norris","DET","SP",561400,1,561400,561400
"Aaron Altherr","PHI","OF",561000,1,561000,561000
"Jose Martinez","STL","OF",560400,1,560400,560400
"Mikie Mahtook","DET","OF",560400,1,560400,560400
"Sammy Solis","WSH","RP",560300,1,560300,560300
"Mitch Haniger","SEA","OF",560200,1,560200,560200
"Manny Pina","MIL","C",560100,1,560100,560100
"Adam Morgan","PHI","RP",560000,1,560000,560000
"Joey Gallo","TEX","1B",560000,1,560000,560000
"Kelby Tomlinson","SF","2B",560000,1,560000,560000
"Kevan Smith","CWS","C",560000,1,560000,560000
"Omar Narvaez","CWS","C",560000,1,560000,560000
"Yadiel Rivera","MIA","3B",560000,1,560000,560000
"Orlando Arcia","MIL","SS",559600,1,559600,559600
"Clint Frazier","NYY","OF",559200,1,559200,559200
"Ryon Healy","SEA","1B",559200,1,559200,559200
"Elias Diaz","PIT","C",559000,1,559000,559000
"Jefry Marte","LAA","1B",559000,1,559000,559000
"Vince Velasquez","PHI","SP",559000,1,559000,559000
"Jacob Barnes","MIL","RP",558900,1,558900,558900
"Tyler Austin","NYY","1B",558600,1,558600,558600
"Mike Clevinger","CLE","SP",558500,1,558500,558500
"Luke Maile","TOR","C",558400,1,558400,558400
"Matt Andriese","TB","RP",558400,1,558400,558400
"Blake Snell","TB","SP",558200,1,558200,558200
"Ben Gamel","SEA","OF",558100,1,558100,558100
"Rafael Montero","NYM","RP",558025,1,558025,558025
"Gregory Infante","CWS","RP",558000,1,558000,558000
"John Ryan Murphy","ARI","C",558000,1,558000,558000
"Josh Osich","SF","RP",558000,1,558000,558000
"Juan Minaya","CWS","RP",558000,1,558000,558000
"Wilmer Difo","WSH","2B",557900,1,557900,557900
"Dovydas Neverauskas","PIT","RP",557500,1,557500,557500
"Wandy Peralta","CIN","RP",557500,1,557500,557500
"Kevin Plawecki","NYM","C",557471,1,557471,557471
"Jesus Aguilar","MIL","1B",557200,1,557200,557200
"Max Stassi","HOU","C",557100,1,557100,557100
"Matt Grace","WSH","RP",557000,1,557000,557000
"Steven Brault","PIT","RP",557000,1,557000,557000
"Manuel Margot","SD","OF",556900,1,556900,556900
"Brent Suter","MIL","SP",556500,1,556500,556500
"Edgar Santana","PIT","RP",556500,1,556500,556500
"Josh Hader","MIL","RP",556500,1,556500,556500
"Trey Mancini","BAL","OF",556500,1,556500,556500
"Tyler Glasnow","PIT","RP",556500,1,556500,556500
"Jandel Gustave","HOU","RP",556400,1,556400,556400
"Jose Pirela","SD","OF",556200,1,556200,556200
"Richard Bleier","BAL","RP",556000,1,556000,556000
"Brandon Nimmo","NYM","OF",555968,1,555968,555968
"Matt Bush","TEX","RP",555950,1,555950,555950
"Dinelson Lamet","SD","SP",555700,1,555700,555700
"Colin Rea","SD","SP",555600,1,555600,555600
"A.J. Cole","WSH","SP",555300,1,555300,555300
"A.J. Minter","ATL","RP",555000,1,555000,555000
"Austin Barnes","LAD","C",555000,1,555000,555000
"Jake Faria","TB","SP",555000,1,555000,555000
"Jarlin Garcia","MIA","SP",555000,1,555000,555000
"Johan Camargo","ATL","3B",555000,1,555000,555000
"Jon Gray","COL","SP",555000,1,555000,555000
"Lucas Giolito","CWS","SP",555000,1,555000,555000
"Luis Castillo","CIN","SP",555000,1,555000,555000
"Luiz Gohara","ATL","SP",555000,1,555000,555000
"Ozzie Albies","ATL","2B",555000,1,555000,555000
"Phillip Evans","NYM","3B",555000,1,555000,555000
"Reynaldo Lopez","CWS","SP",555000,1,555000,555000
"Ross Stripling","LAD","RP",555000,1,555000,555000
"Ryan Buchter","OAK","RP",555000,1,555000,555000
"Ryan Dull","OAK","RP",555000,1,555000,555000
"Scott Alexander","LAD","RP",555000,1,555000,555000
"Scott Oberg","COL","RP",555000,1,555000,555000
"Sean Newcomb","ATL","SP",555000,1,555000,555000
"Shane Carle","ATL","RP",555000,1,555000,555000
"Trevor Gott","WSH","RP",555000,1,555000,555000
"Trevor Hildenberger","MIN","RP",555000,1,555000,555000
"Trevor Story","COL","SS",555000,1,555000,555000
"Tyler Anderson","COL","SP",555000,1,555000,555000
"Yoan Moncada","CWS","2B",555000,1,555000,555000
"Buck Farmer","DET","RP",554800,1,554800,554800
"Sam Tuivailala","STL","RP",554600,1,554600,554600
"Derek Fisher","HOU","OF",554400,1,554400,554400
"Oliver Drake","MIL","RP",554300,1,554300,554300
"Jakob Junis","KC","SP",554250,1,554250,554250
"Edubray Ramos","PHI","RP",554000,1,554000,554000
"Marco Hernandez","BOS","SS",554000,1,554000,554000
"Brian Goodwin","WSH","OF",553900,1,553900,553900
"James Pazos","SEA","RP",553900,1,553900,553900
"Jonathan Holder","NYY","RP",553850,1,553850,553850
"Hunter Renfroe","SD","OF",553800,1,553800,553800
"Dixon Machado","DET","2B",553600,1,553600,553600
"Mike Wright Jr.","BAL","SP",553500,1,553500,553500
"Paul Sewald","NYM","RP",553250,1,553250,553250
"Austin Hedges","SD","C",553100,1,553100,553100
"Mallex Smith","TB","OF",553000,1,553000,553000
"Miguel Castro","BAL","RP",553000,1,553000,553000
"Nick Williams","PHI","OF",553000,1,553000,553000
"Nicky Delmonico","CWS","OF",553000,1,553000,553000
"Bryan Mitchell","SD","SP",552800,1,552800,552800
"Matt Strahm","SD","SP",552700,1,552700,552700
"Chris Stratton","SF","SP",552500,1,552500,552500
"Rhys Hoskins","PHI","OF",552500,1,552500,552500
"Rob Refsnyder","TB","2B",552500,1,552500,552500
"Burch Smith","KC","RP",552450,1,552450,552450
"Jose Leclerc","TEX","RP",552300,1,552300,552300
"Adam Engel","CWS","OF",552000,1,552000,552000
"Austin Maddox","BOS","RP",552000,1,552000,552000
"Carson Fulmer","CWS","SP",552000,1,552000,552000
"Dalton Pompey","TOR","OF",552000,1,552000,552000
"Daniel Stumpf","DET","RP",552000,1,552000,552000
"Koda Glover","WSH","RP",551700,1,551700,551700
"Alex Dickerson","SD","OF",551600,1,551600,551600
"Alex Meyer","LAA","SP",551500,1,551500,551500
"Drew VerHagen","DET","RP",551400,1,551400,551400
"John Hicks","DET","C",551300,1,551300,551300
"Tyler Wade","NYY","OF",551300,1,551300,551300
"Bradley Zimmer","CLE","OF",551200,1,551200,551200
"Keynan Middleton","LAA","RP",551000,1,551000,551000
"Nick Pivetta","PHI","SP",551000,1,551000,551000
"Luke Weaver","STL","SP",550800,1,550800,550800
"Jett Bandy","MIL","C",550700,1,550700,550700
"Warwick Saupold","DET","RP",550400,1,550400,550400
"Marco Gonzales","SEA","SP",550300,1,550300,550300
"Austin Pruitt","TB","RP",550200,1,550200,550200
"Brandon Woodruff","MIL","SP",550100,1,550100,550100
"Carlos Asuaje","SD","2B",550100,1,550100,550100
"J.D. Davis","HOU","3B",550100,1,550100,550100
"Andrew Triggs","OAK","SP",550000,1,550000,550000
"Antonio Senzatela","COL","RP",550000,1,550000,550000
"Ben Lively","PHI","SP",550000,1,550000,550000
"Bruce Maxwell","OAK","C",550000,1,550000,550000
"Carlos Estevez","COL","RP",550000,1,550000,550000
"Chad Pinder","OAK","SS",550000,1,550000,550000
"Colin Moran","PIT","3B",550000,1,550000,550000
"Daniel Coulombe","OAK","RP",550000,1,550000,550000
"German Marquez","COL","SP",550000,1,550000,550000
"J.T. Chargois","LAD","RP",550000,1,550000,550000
"Jharel Cotton","OAK","SP",550000,1,550000,550000
"Julio Urias","LAD","SP",550000,1,550000,550000
"Kyle Freeland","COL","SP",550000,1,550000,550000
"Pat Valaika","COL","SS",550000,1,550000,550000
"Roberto E Gomez","SF","RP",550000,1,550000,550000
"Sean Manaea","OAK","SP",550000,1,550000,550000
"Tony Wolters","COL","C",550000,1,550000,550000
"Wilmer Font","LAD","RP",550000,1,550000,550000
"Dan Altavilla","SEA","RP",549900,1,549900,549900
"Jose Alvarado","TB","RP",549800,1,549800,549800
"Mark Leiter","PHI","RP",549500,1,549500,549500
"JaCoby Jones","DET","OF",549400,1,549400,549400
"Aaron Bummer","CWS","RP",549000,1,549000,549000
"Gabriel Ynoa","BAL","SP",549000,1,549000,549000
"Jake Thompson","PHI","RP",549000,1,549000,549000
"Amed Rosario","NYM","SS",548940,1,548940,548940
"Johnny Barbato","DET","RP",548600,1,548600,548600
"Allen Cordoba","SD","2B",548500,1,548500,548500
"Christian Villanueva","SD","3B",548500,1,548500,548500
"Noe Ramirez","LAA","RP",548500,1,548500,548500
"Daniel Robertson","TB","SS",548300,1,548300,548300
"Giovanny Urshela","CLE","3B",548300,1,548300,548300
"Jeimer Candelario","DET","3B",548300,1,548300,548300
"Tyler Olson","CLE","RP",548300,1,548300,548300
"Andrew Kittredge","TB","RP",548100,1,548100,548100
"Andrew Knapp","PHI","C",548000,1,548000,548000
"Brian Johnson","BOS","SP",548000,1,548000,548000
"Hoby Milner","PHI","RP",548000,1,548000,548000
"Drew Robinson","TEX","OF",547990,1,547990,547990
"Erik Gonzalez","CLE","SS",547800,1,547800,547800
"Gift Ngoepe","TOR","2B",547600,1,547600,547600
"Amir Garrett","CIN","SP",547500,1,547500,547500
"Austin Brice","CIN","RP",547500,1,547500,547500
"Boog Powell","OAK","OF",547500,1,547500,547500
"Cody Reed","CIN","RP",547500,1,547500,547500
"Daniel Gossett","OAK","SP",547500,1,547500,547500
"Daniel Mengden","OAK","SP",547500,1,547500,547500
"Emilio Pagan","OAK","RP",547500,1,547500,547500
"Kyle Farmer","LAD","C",547500,1,547500,547500
"Matt Chapman","OAK","3B",547500,1,547500,547500
"Matt Olson","OAK","1B",547500,1,547500,547500
"Mitch Garver","MIN","C",547500,1,547500,547500
"Paul Blackburn","OAK","SP",547500,1,547500,547500
"Victor Caratini","CHC","C",547500,1,547500,547500
"Joe Jimenez","DET","RP",547200,1,547200,547200
"Raul Mondesi","KC","2B",547125,1,547125,547125
"Hector Velazquez","BOS","SP",547000,1,547000,547000
"Jeff Hoffman","COL","SP",547000,1,547000,547000
"Jorge Alfaro","PHI","C",547000,1,547000,547000
"Mike Tauchman","COL","OF",547000,1,547000,547000
"Ricardo Rodriguez","TEX","RP",547000,1,547000,547000
"Ryan McMahon","COL","1B",547000,1,547000,547000
"Joey Wendle","TB","2B",546900,1,546900,546900
"Kyle McGrath","SD","RP",546900,1,546900,546900
"Dominic Smith","NYM","1B",546800,1,546800,546800
"Eric Skoglund","KC","SP",546625,1,546625,546625
"Anthony Santander","BAL","OF",546500,1,546500,546500
"Chance Sisco","BAL","C",546500,1,546500,546500
"Franchy Cordero","SD","OF",546500,1,546500,546500
"Cam Gallagher","KC","C",546400,1,546400,546400
"Bubba Starling","KC","OF",546200,1,546200,546200
"Casey Lawrence","SEA","RP",546000,1,546000,546000
"Clayton Blackburn","TEX","SP",546000,1,546000,546000
"Raudy Read","WSH","C",546000,1,546000,546000
"Ronald Herrera","TEX","SP",546000,1,546000,546000
"Ryan Merritt","CLE","RP",545800,1,545800,545800
"Daniel Vogelbach","SEA","1B",545700,1,545700,545700
"Mike Marjama","SEA","C",545700,1,545700,545700
"Jacob Rhame","NYM","RP",545650,1,545650,545650
"Alex Reyes","STL","SP",545600,1,545600,545600
"Jose De Leon","TB","RP",545600,1,545600,545600
"J.P. Crawford","PHI","SS",545500,1,545500,545500
"Reyes Moronta","SF","RP",545500,1,545500,545500
"Victor Arano","PHI","RP",545500,1,545500,545500
"Anthony Alford","TOR","OF",545400,1,545400,545400
"Adam Cimber","SD","RP",545000,1,545000,545000
"Bobby Poyner","BOS","RP",545000,1,545000,545000
"Brad Keller","KC","RP",545000,1,545000,545000
"Brady Rodgers","HOU","SP",545000,1,545000,545000
"Brian Anderson","MIA","3B",545000,1,545000,545000
"Carlos Tocci","TEX","OF",545000,1,545000,545000
"Chad Wallach","MIA","C",545000,1,545000,545000
"Cody Anderson","CLE","SP",545000,1,545000,545000
"Dean Deetz","HOU","SP",545000,1,545000,545000
"Gabriel Moya","MIN","RP",545000,1,545000,545000
"Garrett Cooper","MIA","1B",545000,1,545000,545000
"Jack Flaherty","STL","SP",545000,1,545000,545000
"Jackson Stephens","CIN","RP",545000,1,545000,545000
"Jesse Winker","CIN","OF",545000,1,545000,545000
"Joe Palumbo","TEX","SP",545000,1,545000,545000
"Jordan Hicks","STL","RP",545000,1,545000,545000
"JT Riddle","MIA","SS",545000,1,545000,545000
"Julian Fernandez","SF","RP",545000,1,545000,545000
"Kevin Shackelford","CIN","RP",545000,1,545000,545000
"Lewis Brinson","MIA","OF",545000,1,545000,545000
"Luke Bard","LAA","RP",545000,1,545000,545000
"Marcus Walden","BOS","RP",545000,1,545000,545000
"Mike Mayers","STL","RP",545000,1,545000,545000
"Nestor Cortes","BAL","RP",545000,1,545000,545000
"Nick Burdi","PIT","RP",545000,1,545000,545000
"Nik Turley","PIT","RP",545000,1,545000,545000
"Pedro Araujo","BAL","RP",545000,1,545000,545000
"Phillip Ervin","CIN","OF",545000,1,545000,545000
"Pierce Johnson","SF","RP",545000,1,545000,545000
"Rayan Gonzalez","COL","RP",545000,1,545000,545000
"Renato Nunez","OAK","OF",545000,1,545000,545000
"Rookie Davis","CIN","SP",545000,1,545000,545000
"Ryan Yarbrough","TB","RP",545000,1,545000,545000
"Sal Romano","CIN","SP",545000,1,545000,545000
"Tayron Guerrero","MIA","RP",545000,1,545000,545000
"Thomas Pannone","TOR","SP",545000,1,545000,545000
"Tim Hill","KC","RP",545000,1,545000,545000
"Tomas Telis","MIA","C",545000,1,545000,545000
"Tyler Kinley","MIN","RP",545000,1,545000,545000
"Tyler Mahle","CIN","SP",545000,1,545000,545000
"Victor Reyes","DET","OF",545000,1,545000,545000
"Yairo Munoz","STL","SS",545000,1,545000,545000
"Yonny Chirinos","TB","RP",545000,1,545000,545000
"Zack Weiss","CIN","RP",545000,1,545000,545000
